{"cameraMode":{"drawMode":0,"name":"Shaded","section":"Shading Mode"},"sceneLighting":true,"audioPlay":false,"sceneViewState":{"showFog":true,"showMaterialUpdate":false,"showSkybox":true,"showFlares":true,"showImageEffects":true,"showParticleSystems":true},"in2DMode":false,"pivot":{"x":5.051982879638672,"y":12.165946960449219,"z":4.957647323608398},"rotation":{"x":0.1312149614095688,"y":-0.22077980637550355,"z":0.029965627938508989,"w":0.9660104513168335},"size":2.9157280921936037,"orthographic":false}