{"cameraMode":{"drawMode":0,"name":"Shaded","section":"Shading Mode"},"sceneLighting":true,"audioPlay":true,"sceneViewState":{"showFog":true,"showMaterialUpdate":false,"showSkybox":true,"showFlares":true,"showImageEffects":true,"showParticleSystems":true},"in2DMode":false,"pivot":{"x":-2.594386100769043,"y":17.196626663208009,"z":-15.606063842773438},"rotation":{"x":0.027183743193745614,"y":-0.8952036499977112,"z":0.05512436106801033,"w":0.441422700881958},"size":10.0,"orthographic":false}